[{"__symbolic":"module","version":4,"metadata":{"NativeScriptCommonModule":{"__symbolic":"class","decorators":[{"__symbolic":"call","expression":{"__symbolic":"reference","module":"@angular/core","name":"NgModule","line":17,"character":1},"arguments":[{"declarations":[{"__symbolic":"reference","module":"./directives/dialogs","name":"ModalDialogHost","line":19,"character":8},{"__symbolic":"spread","expression":{"__symbolic":"reference","module":"./directives","name":"NS_DIRECTIVES","line":20,"character":11}}],"providers":[{"__symbolic":"reference","module":"./directives/dialogs","name":"ModalDialogService","line":23,"character":8},{"__symbolic":"reference","module":"./platform-providers","name":"defaultDeviceProvider","line":24,"character":8},{"__symbolic":"reference","module":"./platform-providers","name":"defaultFrameProvider","line":25,"character":8},{"__symbolic":"reference","module":"./platform-providers","name":"defaultPageProvider","line":26,"character":8}],"imports":[{"__symbolic":"reference","module":"@angular/common","name":"CommonModule","line":29,"character":8}],"exports":[{"__symbolic":"reference","module":"@angular/common","name":"CommonModule","line":32,"character":8},{"__symbolic":"reference","module":"./directives/dialogs","name":"ModalDialogHost","line":33,"character":8},{"__symbolic":"spread","expression":{"__symbolic":"reference","module":"./directives","name":"NS_DIRECTIVES","line":34,"character":11}}],"schemas":[{"__symbolic":"reference","module":"@angular/core","name":"NO_ERRORS_SCHEMA","line":36,"character":14}]}]}]}}}]