[{"__symbolic":"module","version":4,"metadata":{"NgView":{"__symbolic":"interface"},"ViewExtensions":{"__symbolic":"interface"},"ViewClass":{"__symbolic":"interface"},"InvisibleNode":{"__symbolic":"class","extends":{"__symbolic":"reference","module":"tns-core-modules/ui/core/view","name":"View","line":22,"character":44},"members":{"__ctor__":[{"__symbolic":"constructor"}],"toString":[{"__symbolic":"method"}]}},"CommentNode":{"__symbolic":"class","extends":{"__symbolic":"reference","name":"InvisibleNode"},"members":{"__ctor__":[{"__symbolic":"constructor"}]},"statics":{"id":0}},"TextNode":{"__symbolic":"class","extends":{"__symbolic":"reference","name":"InvisibleNode"},"members":{"__ctor__":[{"__symbolic":"constructor"}]},"statics":{"id":0}},"ɵ0":{"__symbolic":"error","message":"Lambda not supported","line":72,"character":21},"ViewClassMeta":{"__symbolic":"interface"},"isDetachedElement":{"__symbolic":"function","parameters":["element"],"value":{"__symbolic":"binop","operator":"&&","left":{"__symbolic":"binop","operator":"&&","left":{"__symbolic":"reference","name":"element"},"right":{"__symbolic":"select","expression":{"__symbolic":"reference","name":"element"},"member":"meta"}},"right":{"__symbolic":"select","expression":{"__symbolic":"select","expression":{"__symbolic":"reference","name":"element"},"member":"meta"},"member":"skipAddToDom"}}},"isView":{"__symbolic":"function","parameters":["view"],"value":{"__symbolic":"binop","operator":"instanceof","left":{"__symbolic":"reference","name":"view"},"right":{"__symbolic":"reference","module":"tns-core-modules/ui/core/view","name":"View","line":85,"character":27}}},"isInvisibleNode":{"__symbolic":"function","parameters":["view"],"value":{"__symbolic":"binop","operator":"instanceof","left":{"__symbolic":"reference","name":"view"},"right":{"__symbolic":"reference","name":"InvisibleNode"}}},"ViewResolver":{"__symbolic":"interface"},"registerElement":{"__symbolic":"function"},"getViewClass":{"__symbolic":"function"},"getViewMeta":{"__symbolic":"function"},"isKnownView":{"__symbolic":"function","parameters":["elementName"],"value":{"__symbolic":"binop","operator":"||","left":{"__symbolic":"call","expression":{"__symbolic":"select","expression":{"__symbolic":"new","expression":{"__symbolic":"reference","name":"Map"}},"member":"has"},"arguments":[{"__symbolic":"reference","name":"elementName"}]},"right":{"__symbolic":"call","expression":{"__symbolic":"select","expression":{"__symbolic":"new","expression":{"__symbolic":"reference","name":"Map"}},"member":"has"},"arguments":[{"__symbolic":"call","expression":{"__symbolic":"select","expression":{"__symbolic":"reference","name":"elementName"},"member":"toLowerCase"}}]}}},"getSingleViewRecursive":{"__symbolic":"function"},"ɵ1":{"__symbolic":"error","message":"Lambda not supported","line":164,"character":17}}}]