[{"__symbolic":"module","version":4,"metadata":{"errorHandlerFactory":{"__symbolic":"function","parameters":[],"value":{"__symbolic":"new","expression":{"__symbolic":"reference","module":"@angular/core","name":"ErrorHandler","line":32,"character":15}}},"NativeScriptModule":{"__symbolic":"class","decorators":[{"__symbolic":"call","expression":{"__symbolic":"reference","module":"@angular/core","name":"NgModule","line":35,"character":1},"arguments":[{"declarations":[{"__symbolic":"reference","module":"./common/detached-loader","name":"DetachedLoader","line":37,"character":8}],"providers":[{"__symbolic":"reference","module":"./platform-providers","name":"FrameService","line":40,"character":8},{"__symbolic":"reference","module":"./renderer","name":"NativeScriptRendererFactory","line":41,"character":8},{"__symbolic":"reference","module":"@angular/core","name":"SystemJsNgModuleLoader","line":42,"character":8},{"provide":{"__symbolic":"reference","module":"@angular/core","name":"ɵAPP_ROOT","line":43,"character":19},"useValue":true},{"provide":{"__symbolic":"reference","module":"@angular/core","name":"ErrorHandler","line":44,"character":19},"useFactory":{"__symbolic":"reference","name":"errorHandlerFactory"}},{"provide":{"__symbolic":"reference","module":"@angular/core","name":"RendererFactory2","line":45,"character":19},"useExisting":{"__symbolic":"reference","module":"./renderer","name":"NativeScriptRendererFactory","line":45,"character":50}},{"provide":{"__symbolic":"reference","module":"@angular/common","name":"ViewportScroller","line":46,"character":19},"useClass":{"__symbolic":"reference","module":"@angular/common","name":"ɵNullViewportScroller","line":46,"character":47}}],"entryComponents":[{"__symbolic":"reference","module":"./common/detached-loader","name":"DetachedLoader","line":49,"character":8}],"imports":[{"__symbolic":"reference","module":"@angular/core","name":"ApplicationModule","line":52,"character":8},{"__symbolic":"reference","module":"./common","name":"NativeScriptCommonModule","line":53,"character":8}],"exports":[{"__symbolic":"reference","module":"@angular/core","name":"ApplicationModule","line":56,"character":8},{"__symbolic":"reference","module":"./common","name":"NativeScriptCommonModule","line":57,"character":8},{"__symbolic":"reference","module":"./common/detached-loader","name":"DetachedLoader","line":58,"character":8}],"schemas":[{"__symbolic":"reference","module":"@angular/core","name":"NO_ERRORS_SCHEMA","line":60,"character":14}]}]}],"members":{"__ctor__":[{"__symbolic":"constructor","parameterDecorators":[[{"__symbolic":"call","expression":{"__symbolic":"reference","module":"@angular/core","name":"Optional","line":63,"character":17}},{"__symbolic":"call","expression":{"__symbolic":"reference","module":"@angular/core","name":"SkipSelf","line":63,"character":29}}]],"parameters":[{"__symbolic":"reference","name":"NativeScriptModule"}]}]}}}}]