[{"__symbolic":"module","version":4,"metadata":{"NS_COMPILER_PROVIDERS":[{"provide":{"__symbolic":"reference","module":"@angular/core","name":"COMPILER_OPTIONS","line":50,"character":17},"useValue":{"providers":[{"provide":{"__symbolic":"reference","module":"./file-system/ns-file-system","name":"NSFileSystem","line":53,"character":27},"deps":[]},{"provide":{"__symbolic":"reference","module":"@angular/compiler","name":"ResourceLoader","line":54,"character":27},"useClass":{"__symbolic":"reference","module":"./resource-loader","name":"FileSystemResourceLoader","line":54,"character":53},"deps":[{"__symbolic":"reference","module":"./file-system/ns-file-system","name":"NSFileSystem","line":54,"character":86}]},{"provide":{"__symbolic":"reference","module":"@angular/compiler","name":"ElementSchemaRegistry","line":55,"character":27},"useClass":{"__symbolic":"reference","module":"./schema-registry","name":"NativeScriptElementSchemaRegistry","line":55,"character":60},"deps":[]}]},"multi":true}],"platformNativeScriptDynamic":{"__symbolic":"function"}}}]