[{"__symbolic":"module","version":4,"metadata":{"onBeforeLivesync":{"__symbolic":"new","expression":{"__symbolic":"reference","module":"@angular/core","name":"EventEmitter","line":41,"character":36}},"onAfterLivesync":{"__symbolic":"new","expression":{"__symbolic":"reference","module":"@angular/core","name":"EventEmitter","line":42,"character":35}},"HmrOptions":{"__symbolic":"interface"},"AppOptions":{"__symbolic":"interface"},"PlatformFactory":{"__symbolic":"interface"},"NativeScriptSanitizer":{"__symbolic":"class","extends":{"__symbolic":"reference","module":"@angular/core","name":"Sanitizer","line":84,"character":43},"members":{"sanitize":[{"__symbolic":"method"}]}},"NativeScriptDocument":{"__symbolic":"class","members":{"createElement":[{"__symbolic":"method"}]}},"COMMON_PROVIDERS":[{"__symbolic":"reference","module":"./platform-providers","name":"defaultPageFactoryProvider","line":102,"character":4},{"provide":{"__symbolic":"reference","module":"@angular/core","name":"Sanitizer","line":103,"character":15},"useClass":{"__symbolic":"reference","name":"NativeScriptSanitizer"},"deps":[]},{"provide":{"__symbolic":"reference","module":"@angular/common","name":"DOCUMENT","line":104,"character":15},"useClass":{"__symbolic":"reference","name":"NativeScriptDocument"},"deps":[]}],"NativeScriptPlatformRef":{"__symbolic":"class","extends":{"__symbolic":"reference","module":"@angular/core","name":"PlatformRef","line":107,"character":45},"members":{"__ctor__":[{"__symbolic":"constructor","parameters":[{"__symbolic":"reference","module":"@angular/core","name":"PlatformRef","line":110,"character":34},{"__symbolic":"reference","name":"any"}]}],"bootstrapModuleFactory":[{"__symbolic":"method","decorators":[{"__symbolic":"reference","module":"tns-core-modules/profiling","name":"profile","line":114,"character":5}]}],"bootstrapModule":[{"__symbolic":"method","decorators":[{"__symbolic":"reference","module":"tns-core-modules/profiling","name":"profile","line":130,"character":5}]}],"bootstrapApp":[{"__symbolic":"method","decorators":[{"__symbolic":"reference","module":"tns-core-modules/profiling","name":"profile","line":148,"character":5}]}],"onDestroy":[{"__symbolic":"method"}],"destroy":[{"__symbolic":"method"}],"bootstrapNativeScriptApp":[{"__symbolic":"method","decorators":[{"__symbolic":"reference","module":"tns-core-modules/profiling","name":"profile","line":181,"character":5}]}],"_livesync":[{"__symbolic":"method","decorators":[{"__symbolic":"reference","module":"tns-core-modules/profiling","name":"profile","line":261,"character":5}]}],"createErrorUI":[{"__symbolic":"method"}],"createFrameAndPage":[{"__symbolic":"method"}]}}}}]