[{"__symbolic":"module","version":4,"metadata":{"COMPONENT_VARIABLE":"%COMP%","HOST_ATTR":"_nghost-%COMP%","CONTENT_ATTR":"_ngcontent-%COMP%","ElementReference":{"__symbolic":"interface"},"NativeScriptRendererFactory":{"__symbolic":"class","decorators":[{"__symbolic":"call","expression":{"__symbolic":"reference","module":"@angular/core","name":"Injectable","line":28,"character":1}}],"members":{"__ctor__":[{"__symbolic":"constructor","parameterDecorators":[[{"__symbolic":"call","expression":{"__symbolic":"reference","module":"@angular/core","name":"Optional","line":36,"character":9}},{"__symbolic":"call","expression":{"__symbolic":"reference","module":"@angular/core","name":"Inject","line":36,"character":21},"arguments":[{"__symbolic":"reference","module":"./platform-providers","name":"APP_ROOT_VIEW","line":36,"character":28}]}],[{"__symbolic":"call","expression":{"__symbolic":"reference","module":"@angular/core","name":"Inject","line":37,"character":9},"arguments":[{"__symbolic":"reference","module":"./platform-providers","name":"DEVICE","line":37,"character":16}]}],null],"parameters":[{"__symbolic":"reference","module":"tns-core-modules/ui/core/view","name":"View","line":36,"character":53},{"__symbolic":"reference","module":"tns-core-modules/platform","name":"Device","line":37,"character":32},{"__symbolic":"reference","module":"@angular/core","name":"NgZone","line":38,"character":22}]}],"setRootNgView":[{"__symbolic":"method"}],"createRenderer":[{"__symbolic":"method"}]}},"NativeScriptRenderer":{"__symbolic":"class","extends":{"__symbolic":"reference","module":"@angular/core","name":"Renderer2","line":77,"character":42},"members":{"__ctor__":[{"__symbolic":"constructor","parameters":[{"__symbolic":"reference","module":"./element-registry","name":"NgView","line":81,"character":26},{"__symbolic":"reference","module":"@angular/core","name":"NgZone","line":38,"character":22},{"__symbolic":"reference","module":"./view-util","name":"ViewUtil","line":83,"character":26}]}],"appendChild":[{"__symbolic":"method","decorators":[{"__symbolic":"reference","module":"tns-core-modules/profiling","name":"profile","line":91,"character":5}]}],"insertBefore":[{"__symbolic":"method","decorators":[{"__symbolic":"reference","module":"tns-core-modules/profiling","name":"profile","line":99,"character":5}]}],"removeChild":[{"__symbolic":"method","decorators":[{"__symbolic":"reference","module":"tns-core-modules/profiling","name":"profile","line":108,"character":5}]}],"selectRootElement":[{"__symbolic":"method","decorators":[{"__symbolic":"reference","module":"tns-core-modules/profiling","name":"profile","line":116,"character":5}]}],"parentNode":[{"__symbolic":"method","decorators":[{"__symbolic":"reference","module":"tns-core-modules/profiling","name":"profile","line":128,"character":5}]}],"nextSibling":[{"__symbolic":"method","decorators":[{"__symbolic":"reference","module":"tns-core-modules/profiling","name":"profile","line":136,"character":5}]}],"createComment":[{"__symbolic":"method","decorators":[{"__symbolic":"reference","module":"tns-core-modules/profiling","name":"profile","line":148,"character":5}]}],"createElement":[{"__symbolic":"method","decorators":[{"__symbolic":"reference","module":"tns-core-modules/profiling","name":"profile","line":156,"character":5}]}],"createText":[{"__symbolic":"method","decorators":[{"__symbolic":"reference","module":"tns-core-modules/profiling","name":"profile","line":164,"character":5}]}],"createViewRoot":[{"__symbolic":"method","decorators":[{"__symbolic":"reference","module":"tns-core-modules/profiling","name":"profile","line":172,"character":5}]}],"projectNodes":[{"__symbolic":"method","decorators":[{"__symbolic":"reference","module":"tns-core-modules/profiling","name":"profile","line":180,"character":5}]}],"destroy":[{"__symbolic":"method","decorators":[{"__symbolic":"reference","module":"tns-core-modules/profiling","name":"profile","line":188,"character":5}]}],"setAttribute":[{"__symbolic":"method","decorators":[{"__symbolic":"reference","module":"tns-core-modules/profiling","name":"profile","line":197,"character":5}]}],"removeAttribute":[{"__symbolic":"method","decorators":[{"__symbolic":"reference","module":"tns-core-modules/profiling","name":"profile","line":205,"character":5}]}],"setProperty":[{"__symbolic":"method","decorators":[{"__symbolic":"reference","module":"tns-core-modules/profiling","name":"profile","line":212,"character":5}]}],"addClass":[{"__symbolic":"method","decorators":[{"__symbolic":"reference","module":"tns-core-modules/profiling","name":"profile","line":220,"character":5}]}],"removeClass":[{"__symbolic":"method","decorators":[{"__symbolic":"reference","module":"tns-core-modules/profiling","name":"profile","line":228,"character":5}]}],"setStyle":[{"__symbolic":"method","decorators":[{"__symbolic":"reference","module":"tns-core-modules/profiling","name":"profile","line":236,"character":5}]}],"removeStyle":[{"__symbolic":"method","decorators":[{"__symbolic":"reference","module":"tns-core-modules/profiling","name":"profile","line":244,"character":5}]}],"setBindingDebugInfo":[{"__symbolic":"method","decorators":[{"__symbolic":"reference","module":"tns-core-modules/profiling","name":"profile","line":254,"character":5}]}],"setElementDebugInfo":[{"__symbolic":"method","decorators":[{"__symbolic":"reference","module":"tns-core-modules/profiling","name":"profile","line":261,"character":5}]}],"invokeElementMethod":[{"__symbolic":"method","decorators":[{"__symbolic":"reference","module":"tns-core-modules/profiling","name":"profile","line":268,"character":5}]}],"setValue":[{"__symbolic":"method","decorators":[{"__symbolic":"reference","module":"tns-core-modules/profiling","name":"profile","line":275,"character":5}]}],"listen":[{"__symbolic":"method","decorators":[{"__symbolic":"reference","module":"tns-core-modules/profiling","name":"profile","line":282,"character":5}]}]}},"ɵ0":{"__symbolic":"error","message":"Lambda not supported","line":349,"character":58}}}]