[{"__symbolic":"module","version":4,"metadata":{"animationsTraceCategory":"ns-animations","rendererTraceCategory":"ns-renderer","viewUtilCategory":"ns-view-util","routerTraceCategory":"ns-router","routeReuseStrategyTraceCategory":"ns-route-reuse-strategy","listViewTraceCategory":"ns-list-view","bootstrapCategory":"bootstrap","animationsLog":{"__symbolic":"function"},"rendererLog":{"__symbolic":"function"},"rendererError":{"__symbolic":"function"},"viewUtilLog":{"__symbolic":"function"},"routerLog":{"__symbolic":"function"},"routerError":{"__symbolic":"function"},"routeReuseStrategyLog":{"__symbolic":"function"},"styleError":{"__symbolic":"function"},"listViewLog":{"__symbolic":"function"},"listViewError":{"__symbolic":"function"},"bootstrapLog":{"__symbolic":"function"},"bootstrapLogError":{"__symbolic":"function"}},"exports":[{"from":"tns-core-modules/trace","export":[{"name":"isEnabled","as":"isLogEnabled"}]}]}]