[{"__symbolic":"module","version":4,"metadata":{"ModalDialogOptions":{"__symbolic":"interface"},"ModalDialogParams":{"__symbolic":"class","members":{"__ctor__":[{"__symbolic":"constructor","parameters":[{"__symbolic":"reference","name":"any"},{"__symbolic":"error","message":"Expression form not supported","line":33,"character":30}]}]}},"ModalDialogService":{"__symbolic":"class","decorators":[{"__symbolic":"call","expression":{"__symbolic":"reference","module":"@angular/core","name":"Injectable","line":50,"character":1}}],"members":{"__ctor__":[{"__symbolic":"constructor","parameters":[{"__symbolic":"reference","module":"../router/ns-location-strategy","name":"NSLocationStrategy","line":52,"character":34}]}],"showModal":[{"__symbolic":"method"}],"_showDialog":[{"__symbolic":"method"}]}},"ModalDialogHost":{"__symbolic":"class","decorators":[{"__symbolic":"call","expression":{"__symbolic":"reference","module":"@angular/core","name":"Directive","line":168,"character":1},"arguments":[{"selector":"[modal-dialog-host]"}]}],"members":{"__ctor__":[{"__symbolic":"constructor"}]}}}}]