[{"__symbolic":"module","version":4,"metadata":{"NS_DIRECTIVES":[{"__symbolic":"reference","module":"./list-view-comp","name":"ListViewComponent","line":24,"character":4},{"__symbolic":"reference","module":"./templated-items-comp","name":"TemplateKeyDirective","line":25,"character":4},{"__symbolic":"reference","module":"./tab-view","name":"TabViewDirective","line":26,"character":4},{"__symbolic":"reference","module":"./tab-view","name":"TabViewItemDirective","line":27,"character":4},{"__symbolic":"reference","module":"./action-bar","name":"ActionBarComponent","line":28,"character":4},{"__symbolic":"reference","module":"./action-bar","name":"ActionBarScope","line":29,"character":4},{"__symbolic":"reference","module":"./action-bar","name":"ActionItemDirective","line":30,"character":4},{"__symbolic":"reference","module":"./action-bar","name":"NavigationButtonDirective","line":31,"character":4},{"__symbolic":"reference","module":"./platform-filters","name":"AndroidFilterComponent","line":32,"character":4},{"__symbolic":"reference","module":"./platform-filters","name":"IosFilterComponent","line":33,"character":4}]},"exports":[{"from":"./list-view-comp","export":["ListViewComponent"]},{"from":"./templated-items-comp","export":["SetupItemViewArgs","TemplateKeyDirective"]},{"from":"./tab-view","export":["TabViewDirective","TabViewItemDirective"]},{"from":"./action-bar","export":["ActionBarComponent","ActionBarScope","ActionItemDirective","NavigationButtonDirective"]},{"from":"./platform-filters","export":["AndroidFilterComponent","IosFilterComponent"]}]}]