[{"__symbolic":"module","version":4,"metadata":{"ListViewComponent":{"__symbolic":"class","extends":{"__symbolic":"reference","module":"./templated-items-comp","name":"TemplatedItemsComponent","line":19,"character":39},"decorators":[{"__symbolic":"call","expression":{"__symbolic":"reference","module":"@angular/core","name":"Component","line":10,"character":1},"arguments":[{"selector":"ListView","template":"\n        <DetachedContainer>\n            <Placeholder #loader></Placeholder>\n        </DetachedContainer>","changeDetection":{"__symbolic":"select","expression":{"__symbolic":"reference","module":"@angular/core","name":"ChangeDetectionStrategy","line":16,"character":21},"member":"OnPush"},"providers":[{"provide":{"__symbolic":"reference","module":"./templated-items-comp","name":"TEMPLATED_ITEMS_COMPONENT","line":17,"character":27},"useExisting":{"__symbolic":"reference","name":"ListViewComponent"}}]}]}],"members":{"__ctor__":[{"__symbolic":"constructor","parameters":[{"__symbolic":"reference","module":"@angular/core","name":"ElementRef","line":26,"character":29},{"__symbolic":"reference","module":"@angular/core","name":"IterableDiffers","line":27,"character":26}]}]}}}}]