[{"__symbolic":"module","version":4,"metadata":{"TabViewItemDef":{"__symbolic":"interface"},"TabViewDirective":{"__symbolic":"class","decorators":[{"__symbolic":"call","expression":{"__symbolic":"reference","module":"@angular/core","name":"Directive","line":22,"character":1},"arguments":[{"selector":"TabView"}]}],"members":{"selectedIndex":[{"__symbolic":"property","decorators":[{"__symbolic":"call","expression":{"__symbolic":"reference","module":"@angular/core","name":"Input","line":30,"character":5}}]}],"__ctor__":[{"__symbolic":"constructor","parameters":[{"__symbolic":"reference","module":"@angular/core","name":"ElementRef","line":42,"character":25}]}],"ngAfterViewInit":[{"__symbolic":"method"}]}},"TabViewItemDirective":{"__symbolic":"class","decorators":[{"__symbolic":"call","expression":{"__symbolic":"reference","module":"@angular/core","name":"Directive","line":57,"character":1},"arguments":[{"selector":"[tabItem]"}]}],"members":{"__ctor__":[{"__symbolic":"constructor","parameters":[{"__symbolic":"reference","name":"TabViewDirective"},{"__symbolic":"reference","module":"@angular/core","name":"TemplateRef","line":66,"character":29,"arguments":[{"__symbolic":"reference","name":"any"}]},{"__symbolic":"reference","module":"@angular/core","name":"ViewContainerRef","line":67,"character":31}]}],"config":[{"__symbolic":"property","decorators":[{"__symbolic":"call","expression":{"__symbolic":"reference","module":"@angular/core","name":"Input","line":71,"character":5},"arguments":["tabItem"]}]}],"title":[{"__symbolic":"property","decorators":[{"__symbolic":"call","expression":{"__symbolic":"reference","module":"@angular/core","name":"Input","line":86,"character":5}}]}],"iconSource":[{"__symbolic":"property","decorators":[{"__symbolic":"call","expression":{"__symbolic":"reference","module":"@angular/core","name":"Input","line":95,"character":5}}]}],"textTransform":[{"__symbolic":"property","decorators":[{"__symbolic":"call","expression":{"__symbolic":"reference","module":"@angular/core","name":"Input","line":104,"character":5}}]}],"ensureItem":[{"__symbolic":"method"}],"applyConfig":[{"__symbolic":"method"}],"ngOnInit":[{"__symbolic":"method"}]}}}}]