[{"__symbolic":"module","version":4,"metadata":{"ItemContext":{"__symbolic":"class","members":{"__ctor__":[{"__symbolic":"constructor","parameters":[{"__symbolic":"reference","name":"any"},{"__symbolic":"reference","name":"any"},{"__symbolic":"reference","name":"number"},{"__symbolic":"reference","name":"boolean"},{"__symbolic":"reference","name":"boolean"}]}]}},"SetupItemViewArgs":{"__symbolic":"interface"},"TemplatedItemsComponent":{"__symbolic":"class","members":{"loader":[{"__symbolic":"property","decorators":[{"__symbolic":"call","expression":{"__symbolic":"reference","module":"@angular/core","name":"ViewChild","line":58,"character":5},"arguments":["loader",{"read":{"__symbolic":"reference","module":"@angular/core","name":"ViewContainerRef","line":58,"character":33}}]}]}],"setupItemView":[{"__symbolic":"property","decorators":[{"__symbolic":"call","expression":{"__symbolic":"reference","module":"@angular/core","name":"Output","line":60,"character":5}}]}],"itemTemplateQuery":[{"__symbolic":"property","decorators":[{"__symbolic":"call","expression":{"__symbolic":"reference","module":"@angular/core","name":"ContentChild","line":62,"character":5},"arguments":[{"__symbolic":"reference","module":"@angular/core","name":"TemplateRef","line":62,"character":18}]}]}],"items":[{"__symbolic":"property","decorators":[{"__symbolic":"call","expression":{"__symbolic":"reference","module":"@angular/core","name":"Input","line":66,"character":5}}]}],"__ctor__":[{"__symbolic":"constructor","parameters":[{"__symbolic":"reference","module":"@angular/core","name":"ElementRef","line":85,"character":29},{"__symbolic":"reference","module":"@angular/core","name":"IterableDiffers","line":86,"character":34}]}],"ngAfterContentInit":[{"__symbolic":"method"}],"ngOnDestroy":[{"__symbolic":"method"}],"setItemTemplates":[{"__symbolic":"method"}],"registerTemplate":[{"__symbolic":"method"}],"onItemLoading":[{"__symbolic":"method","decorators":[{"__symbolic":"reference","module":"tns-core-modules/profiling","name":"profile","line":139,"character":5}]}],"setupViewRef":[{"__symbolic":"method"}],"getItemTemplateViewFactory":[{"__symbolic":"method"}],"detectChangesOnChild":[{"__symbolic":"method","decorators":[{"__symbolic":"reference","module":"tns-core-modules/profiling","name":"profile","line":203,"character":5}]}],"ngDoCheck":[{"__symbolic":"method"}]}},"ComponentView":{"__symbolic":"interface"},"RootLocator":{"__symbolic":"interface"},"getItemViewRoot":{"__symbolic":"function"},"TEMPLATED_ITEMS_COMPONENT":{"__symbolic":"new","expression":{"__symbolic":"reference","module":"@angular/core","name":"InjectionToken","line":243,"character":45},"arguments":["TemplatedItemsComponent"]},"TemplateKeyDirective":{"__symbolic":"class","decorators":[{"__symbolic":"call","expression":{"__symbolic":"reference","module":"@angular/core","name":"Directive","line":245,"character":1},"arguments":[{"selector":"[nsTemplateKey]"}]}],"members":{"__ctor__":[{"__symbolic":"constructor","parameterDecorators":[null,[{"__symbolic":"call","expression":{"__symbolic":"reference","module":"@angular/core","name":"Inject","line":249,"character":9},"arguments":[{"__symbolic":"reference","name":"TEMPLATED_ITEMS_COMPONENT"}]},{"__symbolic":"call","expression":{"__symbolic":"reference","module":"@angular/core","name":"Host","line":249,"character":44}}]],"parameters":[{"__symbolic":"reference","module":"@angular/core","name":"TemplateRef","line":248,"character":29,"arguments":[{"__symbolic":"reference","name":"any"}]},{"__symbolic":"reference","name":"TemplatedItemsComponent"}]}],"nsTemplateKey":[{"__symbolic":"property","decorators":[{"__symbolic":"call","expression":{"__symbolic":"reference","module":"@angular/core","name":"Input","line":252,"character":5}}]}]}}}}]