[{"__symbolic":"module","version":4,"metadata":{"InjectableAnimationEngine":{"__symbolic":"class","extends":{"__symbolic":"reference","module":"@angular/animations/browser","name":"ɵAnimationEngine","line":31,"character":47},"decorators":[{"__symbolic":"call","expression":{"__symbolic":"reference","module":"@angular/core","name":"Injectable","line":30,"character":1}}],"members":{"__ctor__":[{"__symbolic":"constructor","parameterDecorators":[[{"__symbolic":"call","expression":{"__symbolic":"reference","module":"@angular/core","name":"Inject","line":32,"character":17},"arguments":[{"__symbolic":"reference","module":"@angular/common","name":"DOCUMENT","line":32,"character":24}]}],null,null],"parameters":[{"__symbolic":"reference","name":"any"},{"__symbolic":"reference","module":"@angular/animations/browser","name":"AnimationDriver","line":32,"character":52},{"__symbolic":"reference","module":"@angular/animations/browser","name":"ɵAnimationStyleNormalizer","line":32,"character":81}]}]}},"instantiateSupportedAnimationDriver":{"__symbolic":"function","parameters":[],"value":{"__symbolic":"new","expression":{"__symbolic":"reference","module":"./animation-driver","name":"NativeScriptAnimationDriver","line":38,"character":15}}},"instantiateRendererFactory":{"__symbolic":"function","parameters":["renderer","engine","zone"],"value":{"__symbolic":"new","expression":{"__symbolic":"reference","module":"@angular/platform-browser/animations","name":"ɵAnimationRendererFactory","line":43,"character":15},"arguments":[{"__symbolic":"reference","name":"renderer"},{"__symbolic":"reference","name":"engine"},{"__symbolic":"reference","name":"zone"}]}},"instantiateDefaultStyleNormalizer":{"__symbolic":"function","parameters":[],"value":{"__symbolic":"new","expression":{"__symbolic":"reference","module":"@angular/animations/browser","name":"ɵWebAnimationsStyleNormalizer","line":47,"character":15}}},"NATIVESCRIPT_ANIMATIONS_PROVIDERS":[{"provide":{"__symbolic":"reference","module":"@angular/animations/browser","name":"AnimationDriver","line":32,"character":52},"useFactory":{"__symbolic":"reference","name":"instantiateSupportedAnimationDriver"}},{"provide":{"__symbolic":"reference","module":"@angular/animations","name":"AnimationBuilder","line":52,"character":14},"useClass":{"__symbolic":"reference","module":"@angular/platform-browser/animations","name":"ɵBrowserAnimationBuilder","line":52,"character":42}},{"provide":{"__symbolic":"reference","module":"@angular/animations/browser","name":"ɵAnimationStyleNormalizer","line":32,"character":81},"useFactory":{"__symbolic":"reference","name":"instantiateDefaultStyleNormalizer"}},{"provide":{"__symbolic":"reference","module":"@angular/animations/browser","name":"ɵAnimationEngine","line":54,"character":14},"useClass":{"__symbolic":"reference","name":"InjectableAnimationEngine"}},{"provide":{"__symbolic":"reference","module":"@angular/core","name":"RendererFactory2","line":56,"character":17},"useFactory":{"__symbolic":"reference","name":"instantiateRendererFactory"},"deps":[{"__symbolic":"reference","module":"../renderer","name":"NativeScriptRendererFactory","line":58,"character":15},{"__symbolic":"reference","module":"@angular/animations/browser","name":"ɵAnimationEngine","line":58,"character":44},{"__symbolic":"reference","module":"@angular/core","name":"NgZone","line":58,"character":61}]}],"NativeScriptAnimationsModule":{"__symbolic":"class","decorators":[{"__symbolic":"call","expression":{"__symbolic":"reference","module":"@angular/core","name":"NgModule","line":62,"character":1},"arguments":[{"imports":[{"__symbolic":"reference","module":"../nativescript.module","name":"NativeScriptModule","line":63,"character":14}],"providers":{"__symbolic":"reference","name":"NATIVESCRIPT_ANIMATIONS_PROVIDERS"}}]}],"members":{"__ctor__":[{"__symbolic":"constructor","parameterDecorators":[[{"__symbolic":"call","expression":{"__symbolic":"reference","module":"@angular/core","name":"Optional","line":67,"character":17}},{"__symbolic":"call","expression":{"__symbolic":"reference","module":"@angular/core","name":"SkipSelf","line":67,"character":29}}]],"parameters":[{"__symbolic":"reference","name":"NativeScriptAnimationsModule"}]}]}}}}]