[{"__symbolic":"module","version":4,"metadata":{"CheckedValueAccessor":{"__symbolic":"class","extends":{"__symbolic":"reference","module":"./base-value-accessor","name":"BaseValueAccessor","line":29,"character":42},"decorators":[{"__symbolic":"call","expression":{"__symbolic":"reference","module":"@angular/core","name":"Directive","line":20,"character":1},"arguments":[{"selector":"Switch[ngModel],Switch[formControlName],Switch[formControl],switch[ngModel],switch[formControlName],switch[formControl]","providers":[{"provide":{"__symbolic":"reference","module":"@angular/forms","name":"NG_VALUE_ACCESSOR","line":6,"character":13},"useExisting":{"__symbolic":"reference","name":"CheckedValueAccessor"},"multi":true}],"host":{"(checkedChange)":"onChange($event.value)","$quoted$":["(checkedChange)"]}}]}],"members":{"__ctor__":[{"__symbolic":"constructor","parameters":[{"__symbolic":"reference","module":"@angular/core","name":"ElementRef","line":30,"character":28}]}],"writeValue":[{"__symbolic":"method"}]}}}}]