[{"__symbolic":"module","version":4,"metadata":{"TextView":{"__symbolic":"interface"},"TextValueAccessor":{"__symbolic":"class","extends":{"__symbolic":"reference","module":"./base-value-accessor","name":"BaseValueAccessor","line":44,"character":39},"decorators":[{"__symbolic":"call","expression":{"__symbolic":"reference","module":"@angular/core","name":"Directive","line":22,"character":1},"arguments":[{"selector":"TextField[ngModel],TextField[formControlName],TextField[formControl],textField[ngModel],textField[formControlName],textField[formControl],textfield[ngModel],textfield[formControlName],textfield[formControl],text-field[ngModel],text-field[formControlName],text-field[formControl],TextView[ngModel],TextView[formControlName],TextView[formControl],textView[ngModel],textView[formControlName],textView[formControl],textview[ngModel],textview[formControlName],textview[formControl],text-view[ngModel],text-view[formControlName],text-view[formControl],SearchBar[ngModel],SearchBar[formControlName],SearchBar[formControl],searchBar[ngModel],searchBar[formControlName],searchBar[formControl],searchbar[ngModel],searchbar[formControlName],searchbar[formControl],search-bar[ngModel], search-bar[formControlName],search-bar[formControl]","providers":[{"provide":{"__symbolic":"reference","module":"@angular/forms","name":"NG_VALUE_ACCESSOR","line":6,"character":13},"useExisting":{"__symbolic":"reference","name":"TextValueAccessor"},"multi":true}],"host":{"(blur)":"onTouched()","(textChange)":"onChange($event.value)","$quoted$":["(blur)","(textChange)"]}}]}],"members":{"__ctor__":[{"__symbolic":"constructor","parameters":[{"__symbolic":"reference","module":"@angular/core","name":"ElementRef","line":45,"character":28}]}],"writeValue":[{"__symbolic":"method"}]}}}}]