[{"__symbolic":"module","version":4,"metadata":{"TimeValueAccessor":{"__symbolic":"class","extends":{"__symbolic":"reference","module":"./base-value-accessor","name":"BaseValueAccessor","line":31,"character":39},"decorators":[{"__symbolic":"call","expression":{"__symbolic":"reference","module":"@angular/core","name":"Directive","line":20,"character":1},"arguments":[{"selector":"TimePicker[ngModel],TimePicker[formControlName],TimePicker[formControl],timepicker[ngModel],timepicker[formControlName],timepicker[formControl],timePicker[ngModel],timePicker[formControlName],timePicker[formControl],time-picker[ngModel],time-picker[formControlName],time-picker[formControl]","providers":[{"provide":{"__symbolic":"reference","module":"@angular/forms","name":"NG_VALUE_ACCESSOR","line":6,"character":13},"useExisting":{"__symbolic":"reference","name":"TimeValueAccessor"},"multi":true}],"host":{"(timeChange)":"onChange($event.value)","$quoted$":["(timeChange)"]}}]}],"members":{"__ctor__":[{"__symbolic":"constructor","parameters":[{"__symbolic":"reference","module":"@angular/core","name":"ElementRef","line":32,"character":28}]}],"writeValue":[{"__symbolic":"method"}]}}}}]