[{"__symbolic":"module","version":4,"metadata":{"NSEmptyOutletComponent":{"__symbolic":"class","decorators":[{"__symbolic":"call","expression":{"__symbolic":"reference","module":"@angular/core","name":"Component","line":3,"character":1},"arguments":[{"selector":"ns-empty-outlet","template":"<page-router-outlet isEmptyOutlet='true'></page-router-outlet>"}]}],"members":{"pageRouterOutlet":[{"__symbolic":"property","decorators":[{"__symbolic":"call","expression":{"__symbolic":"reference","module":"@angular/core","name":"ViewChild","line":9,"character":5},"arguments":[{"__symbolic":"reference","module":"./page-router-outlet","name":"PageRouterOutlet","line":9,"character":15}]}]}],"__ctor__":[{"__symbolic":"constructor","parameters":[{"__symbolic":"reference","module":"tns-core-modules/ui/page","name":"Page","line":10,"character":30}]}]}}}}]