[{"__symbolic":"module","version":4,"metadata":{"Outlet":{"__symbolic":"class","members":{"__ctor__":[{"__symbolic":"constructor","parameters":[{"__symbolic":"reference","name":"string"},{"__symbolic":"reference","name":"string"},{"__symbolic":"reference","name":"string"},{"__symbolic":"reference","name":"number"}]}],"containsFrame":[{"__symbolic":"method"}],"peekState":[{"__symbolic":"method"}],"containsTopState":[{"__symbolic":"method"}],"getFrameToBack":[{"__symbolic":"method"}]}},"NavigationOptions":{"__symbolic":"interface"},"LocationState":{"__symbolic":"interface"},"NSLocationStrategy":{"__symbolic":"class","extends":{"__symbolic":"reference","module":"@angular/common","name":"LocationStrategy","line":93,"character":40},"decorators":[{"__symbolic":"call","expression":{"__symbolic":"reference","module":"@angular/core","name":"Injectable","line":92,"character":1}}],"members":{"__ctor__":[{"__symbolic":"constructor","parameters":[{"__symbolic":"reference","module":"../platform-providers","name":"FrameService","line":103,"character":38}]}],"path":[{"__symbolic":"method"}],"prepareExternalUrl":[{"__symbolic":"method"}],"pushState":[{"__symbolic":"method"}],"pushStateInternal":[{"__symbolic":"method"}],"replaceState":[{"__symbolic":"method"}],"forward":[{"__symbolic":"method"}],"back":[{"__symbolic":"method"}],"canGoBack":[{"__symbolic":"method"}],"onPopState":[{"__symbolic":"method"}],"getBaseHref":[{"__symbolic":"method"}],"callPopState":[{"__symbolic":"method"}],"toString":[{"__symbolic":"method"}],"_beginBackPageNavigation":[{"__symbolic":"method"}],"_finishBackPageNavigation":[{"__symbolic":"method"}],"_beginModalNavigation":[{"__symbolic":"method"}],"_closeModalNavigation":[{"__symbolic":"method"}],"_beginPageNavigation":[{"__symbolic":"method"}],"_setNavigationOptions":[{"__symbolic":"method"}],"_getOutlets":[{"__symbolic":"method"}],"updateOutletFrame":[{"__symbolic":"method"}],"clearOutlet":[{"__symbolic":"method"}],"getSegmentGroupFullPath":[{"__symbolic":"method"}],"getRouteFullPath":[{"__symbolic":"method"}],"getPathByOutlets":[{"__symbolic":"method"}],"findOutletByModal":[{"__symbolic":"method"}],"findOutletByOutletPath":[{"__symbolic":"method"}],"findOutletByKey":[{"__symbolic":"method"}],"getOutletByFrame":[{"__symbolic":"method"}],"updateStates":[{"__symbolic":"method"}],"updateParentsStates":[{"__symbolic":"method"}],"createOutlet":[{"__symbolic":"method"}],"getSegmentGroupByOutlet":[{"__symbolic":"method"}],"updateSegmentGroup":[{"__symbolic":"method"}],"upsertModalOutlet":[{"__symbolic":"method"}],"getOutletKey":[{"__symbolic":"method"}]}}}}]