[{"__symbolic":"module","version":4,"metadata":{"NativescriptPlatformLocation":{"__symbolic":"class","extends":{"__symbolic":"reference","module":"@angular/common","name":"PlatformLocation","line":6,"character":50},"decorators":[{"__symbolic":"call","expression":{"__symbolic":"reference","module":"@angular/core","name":"Injectable","line":5,"character":1}}],"members":{"__ctor__":[{"__symbolic":"constructor","parameters":[{"__symbolic":"reference","module":"./ns-location-strategy","name":"NSLocationStrategy","line":8,"character":42}]}],"getBaseHrefFromDOM":[{"__symbolic":"method"}],"onPopState":[{"__symbolic":"method"}],"onHashChange":[{"__symbolic":"method"}],"pushState":[{"__symbolic":"method"}],"replaceState":[{"__symbolic":"method"}],"forward":[{"__symbolic":"method"}],"back":[{"__symbolic":"method"}]}}}}]