[{"__symbolic":"module","version":4,"metadata":{"NSRouteReuseStrategy":{"__symbolic":"class","decorators":[{"__symbolic":"call","expression":{"__symbolic":"reference","module":"@angular/core","name":"Injectable","line":92,"character":1}}],"members":{"__ctor__":[{"__symbolic":"constructor","parameters":[{"__symbolic":"reference","module":"./ns-location-strategy","name":"NSLocationStrategy","line":96,"character":34}]}],"shouldDetach":[{"__symbolic":"method"}],"shouldAttach":[{"__symbolic":"method"}],"store":[{"__symbolic":"method"}],"retrieve":[{"__symbolic":"method"}],"shouldReuseRoute":[{"__symbolic":"method"}],"clearCache":[{"__symbolic":"method"}],"clearModalCache":[{"__symbolic":"method"}]}}}}]