[{"__symbolic":"module","version":4,"metadata":{"PageRoute":{"__symbolic":"class","members":{"__ctor__":[{"__symbolic":"constructor","parameters":[{"__symbolic":"reference","module":"@angular/router","name":"ActivatedRoute","line":31,"character":28}]}]}},"pageRouterActivatedSymbol":{"__symbolic":"call","expression":{"__symbolic":"reference","name":"Symbol"},"arguments":["page-router-activated"]},"loaderRefSymbol":{"__symbolic":"call","expression":{"__symbolic":"reference","name":"Symbol"},"arguments":["loader-ref"]},"destroyComponentRef":{"__symbolic":"function"},"findTopActivatedRouteNodeForOutlet":{"__symbolic":"function"},"PageRouterOutlet":{"__symbolic":"class","decorators":[{"__symbolic":"call","expression":{"__symbolic":"reference","module":"@angular/core","name":"Directive","line":103,"character":1},"arguments":[{"selector":"page-router-outlet"}]}],"members":{"activateEvents":[{"__symbolic":"property","decorators":[{"__symbolic":"call","expression":{"__symbolic":"reference","module":"@angular/core","name":"Output","line":115,"character":5},"arguments":["activate"]}]}],"deactivateEvents":[{"__symbolic":"property","decorators":[{"__symbolic":"call","expression":{"__symbolic":"reference","module":"@angular/core","name":"Output","line":116,"character":5},"arguments":["deactivate"]}]}],"__ctor__":[{"__symbolic":"constructor","parameterDecorators":[null,null,[{"__symbolic":"call","expression":{"__symbolic":"reference","module":"@angular/core","name":"Attribute","line":151,"character":9},"arguments":["name"]}],[{"__symbolic":"call","expression":{"__symbolic":"reference","module":"@angular/core","name":"Attribute","line":152,"character":9},"arguments":["actionBarVisibility"]}],[{"__symbolic":"call","expression":{"__symbolic":"reference","module":"@angular/core","name":"Attribute","line":153,"character":9},"arguments":["isEmptyOutlet"]}],null,null,null,null,[{"__symbolic":"call","expression":{"__symbolic":"reference","module":"@angular/core","name":"Inject","line":158,"character":9},"arguments":[{"__symbolic":"reference","module":"../platform-providers","name":"DEVICE","line":158,"character":16}]}],[{"__symbolic":"call","expression":{"__symbolic":"reference","module":"@angular/core","name":"Inject","line":159,"character":9},"arguments":[{"__symbolic":"reference","module":"../platform-providers","name":"PAGE_FACTORY","line":159,"character":16}]}],null,null],"parameters":[{"__symbolic":"reference","module":"@angular/router","name":"ChildrenOutletContexts","line":149,"character":32},{"__symbolic":"reference","module":"@angular/core","name":"ViewContainerRef","line":150,"character":26},{"__symbolic":"reference","name":"string"},{"__symbolic":"reference","name":"string"},{"__symbolic":"reference","name":"boolean"},{"__symbolic":"reference","module":"./ns-location-strategy","name":"NSLocationStrategy","line":154,"character":34},{"__symbolic":"reference","module":"@angular/core","name":"ComponentFactoryResolver","line":155,"character":42},{"__symbolic":"reference","module":"@angular/core","name":"ComponentFactoryResolver","line":155,"character":42},{"__symbolic":"reference","module":"@angular/core","name":"ChangeDetectorRef","line":157,"character":32},{"__symbolic":"reference","module":"tns-core-modules/platform","name":"Device","line":158,"character":32},{"__symbolic":"reference","module":"../platform-providers","name":"PageFactory","line":159,"character":51},{"__symbolic":"reference","module":"./ns-route-reuse-strategy","name":"NSRouteReuseStrategy","line":160,"character":36},{"__symbolic":"reference","module":"@angular/core","name":"ElementRef","line":161,"character":15}]}],"setActionBarVisibility":[{"__symbolic":"method"}],"ngOnDestroy":[{"__symbolic":"method"}],"deactivate":[{"__symbolic":"method"}],"detach":[{"__symbolic":"method"}],"attach":[{"__symbolic":"method"}],"activateWith":[{"__symbolic":"method","decorators":[{"__symbolic":"reference","module":"tns-core-modules/profiling","name":"profile","line":269,"character":5}]}],"activateOnGoForward":[{"__symbolic":"method"}],"loadComponentInPage":[{"__symbolic":"method","decorators":[{"__symbolic":"reference","module":"tns-core-modules/profiling","name":"profile","line":339,"character":5}]}],"markActivatedRoute":[{"__symbolic":"method"}],"getComponentFactory":[{"__symbolic":"method"}],"getOutlet":[{"__symbolic":"method"}]}}}}]