[{"__symbolic":"module","version":4,"metadata":{"ExtendedNavigationExtras":{"__symbolic":"interface"},"BackNavigationOptions":{"__symbolic":"interface"},"RouterExtensions":{"__symbolic":"class","decorators":[{"__symbolic":"call","expression":{"__symbolic":"reference","module":"@angular/core","name":"Injectable","line":14,"character":1}}],"members":{"__ctor__":[{"__symbolic":"constructor","parameters":[{"__symbolic":"reference","module":"@angular/router","name":"Router","line":18,"character":23},{"__symbolic":"reference","module":"./ns-location-strategy","name":"NSLocationStrategy","line":19,"character":33},{"__symbolic":"reference","module":"../platform-providers","name":"FrameService","line":20,"character":29}]}],"navigate":[{"__symbolic":"method"}],"navigateByUrl":[{"__symbolic":"method"}],"back":[{"__symbolic":"method"}],"canGoBack":[{"__symbolic":"method"}],"backToPreviousPage":[{"__symbolic":"method"}],"canGoBackToPreviousPage":[{"__symbolic":"method"}],"backOutlets":[{"__symbolic":"method"}],"findOutletsToBack":[{"__symbolic":"method"}],"findOutletByRoute":[{"__symbolic":"method"}]}}}}]