[{"__symbolic":"module","version":4,"metadata":{"LocationState":{"__symbolic":"interface"},"NativeScriptRouterModule":{"__symbolic":"class","decorators":[{"__symbolic":"call","expression":{"__symbolic":"reference","module":"@angular/core","name":"NgModule","line":21,"character":1},"arguments":[{"declarations":[{"__symbolic":"reference","module":"./ns-router-link","name":"NSRouterLink","line":22,"character":19},{"__symbolic":"reference","module":"./ns-router-link-active","name":"NSRouterLinkActive","line":22,"character":33},{"__symbolic":"reference","module":"./page-router-outlet","name":"PageRouterOutlet","line":22,"character":53},{"__symbolic":"reference","module":"./ns-empty-outlet.component","name":"NSEmptyOutletComponent","line":22,"character":71}],"providers":[{"provide":{"__symbolic":"reference","module":"./ns-location-strategy","name":"NSLocationStrategy","line":25,"character":21},"useFactory":{"__symbolic":"reference","name":"provideLocationStrategy"},"deps":[[{"__symbolic":"reference","module":"./ns-location-strategy","name":"NSLocationStrategy","line":27,"character":20},{"__symbolic":"new","expression":{"__symbolic":"reference","module":"@angular/core","name":"Optional","line":27,"character":44}},{"__symbolic":"new","expression":{"__symbolic":"reference","module":"@angular/core","name":"SkipSelf","line":27,"character":60}}],{"__symbolic":"reference","module":"../platform-providers","name":"FrameService","line":27,"character":73}]},{"provide":{"__symbolic":"reference","module":"@angular/common","name":"LocationStrategy","line":29,"character":19},"useExisting":{"__symbolic":"reference","module":"./ns-location-strategy","name":"NSLocationStrategy","line":29,"character":50}},{"__symbolic":"reference","module":"./ns-platform-location","name":"NativescriptPlatformLocation","line":30,"character":8},{"provide":{"__symbolic":"reference","module":"@angular/common","name":"PlatformLocation","line":31,"character":19},"useClass":{"__symbolic":"reference","module":"./ns-platform-location","name":"NativescriptPlatformLocation","line":31,"character":47}},{"__symbolic":"reference","module":"./router-extensions","name":"RouterExtensions","line":32,"character":8},{"__symbolic":"reference","module":"./ns-route-reuse-strategy","name":"NSRouteReuseStrategy","line":33,"character":8},{"provide":{"__symbolic":"reference","module":"@angular/router","name":"RouteReuseStrategy","line":34,"character":19},"useExisting":{"__symbolic":"reference","module":"./ns-route-reuse-strategy","name":"NSRouteReuseStrategy","line":34,"character":52}}],"imports":[{"__symbolic":"reference","module":"@angular/router","name":"RouterModule","line":36,"character":14},{"__symbolic":"reference","module":"../common","name":"NativeScriptCommonModule","line":36,"character":28}],"exports":[{"__symbolic":"reference","module":"@angular/router","name":"RouterModule","line":37,"character":14},{"__symbolic":"reference","module":"./ns-router-link","name":"NSRouterLink","line":37,"character":28},{"__symbolic":"reference","module":"./ns-router-link-active","name":"NSRouterLinkActive","line":37,"character":42},{"__symbolic":"reference","module":"./page-router-outlet","name":"PageRouterOutlet","line":37,"character":62},{"__symbolic":"reference","module":"./ns-empty-outlet.component","name":"NSEmptyOutletComponent","line":37,"character":80}],"schemas":[{"__symbolic":"reference","module":"@angular/core","name":"NO_ERRORS_SCHEMA","line":38,"character":14}]}]}],"statics":{"forRoot":{"__symbolic":"function","parameters":["routes","config"],"value":{"__symbolic":"call","expression":{"__symbolic":"select","expression":{"__symbolic":"reference","module":"@angular/router","name":"RouterModule","line":42,"character":15},"member":"forRoot"},"arguments":[{"__symbolic":"reference","name":"routes"},{"__symbolic":"reference","name":"config"}]}},"forChild":{"__symbolic":"function","parameters":["routes"],"value":{"__symbolic":"call","expression":{"__symbolic":"select","expression":{"__symbolic":"reference","module":"@angular/router","name":"RouterModule","line":46,"character":15},"member":"forChild"},"arguments":[{"__symbolic":"reference","name":"routes"}]}}}},"provideLocationStrategy":{"__symbolic":"function","parameters":["locationStrategy","frameService"],"value":{"__symbolic":"if","condition":{"__symbolic":"reference","name":"locationStrategy"},"thenExpression":{"__symbolic":"reference","name":"locationStrategy"},"elseExpression":{"__symbolic":"new","expression":{"__symbolic":"reference","module":"./ns-location-strategy","name":"NSLocationStrategy","line":54,"character":53},"arguments":[{"__symbolic":"reference","name":"frameService"}]}}}},"exports":[{"from":"./page-router-outlet","export":["PageRoute"]},{"from":"./router-extensions","export":["RouterExtensions"]},{"from":"./ns-module-factory-loader","export":["NSModuleFactoryLoader"]},{"from":"./ns-empty-outlet.component","export":["NSEmptyOutletComponent"]}]}]