[{"__symbolic":"module","version":4,"metadata":{"NSXSRFStrategy":{"__symbolic":"class","members":{"configureRequest":[{"__symbolic":"method"}]}},"NSHttp":{"__symbolic":"class","extends":{"__symbolic":"reference","module":"@angular/http","name":"Http","line":24,"character":28},"decorators":[{"__symbolic":"call","expression":{"__symbolic":"reference","module":"@angular/core","name":"Injectable","line":23,"character":1}}],"members":{"__ctor__":[{"__symbolic":"constructor","parameters":[{"__symbolic":"reference","module":"@angular/http","name":"ConnectionBackend","line":25,"character":25},{"__symbolic":"reference","module":"@angular/http","name":"RequestOptions","line":25,"character":60},{"__symbolic":"reference","module":"../file-system/ns-file-system","name":"NSFileSystem","line":25,"character":98}]}],"request":[{"__symbolic":"method"}],"get":[{"__symbolic":"method"}],"requestLocalFile":[{"__symbolic":"method"}]}}}}]